"games_in_data","games_to_write","url","popular_tags","genre","game_description"
"Grand Theft Auto V","Grand Theft Auto","https://store.steampowered.com/app/271590/Grand_Theft_Auto_V/","open world,action,multiplayer,third person,first-person,crime,shooter,adventure,third-person shooter,singleplayer,mature,racing,atmospheric,co-op,sandbox,funny,great soundtrack,comedy,masterpiece,moddable","Action,Adventure","About This Game  Partner with legendary impresario Tony Prince to open and operate a top shelf Nightclub featuring world-class DJ acts Solomun, Tale Of Us, Dixon and The Black Madonna, and use it as a front for the most concentrated network of criminal enterprise ever to hit San Andreas. When a young street hustler, a retired bank robber and a terrifying psychopath find themselves entangled with some of the most frightening and deranged elements of the criminal underworld, the U.S. government and the entertainment industry, they must pull off a series of dangerous heists to survive in a ruthless city in which they can trust nobody, least of all each other.  Grand Theft Auto V for PC offers players the option to explore the award-winning world of Los Santos and Blaine County in resolutions of up to 4k and beyond, as well as the chance to experience the game running at 60 frames per second.  The game offers players a huge range of PC-specific customization options, including over 25 separate configurable settings for texture quality, shaders, tessellation, anti-aliasing and more, as well as support and extensive customization for mouse and keyboard controls. Additional options include a population density slider to control car and pedestrian traffic, as well as dual and triple monitor support, 3D compatibility, and plug-and-play controller support.  Grand Theft Auto V for PC also includes Grand Theft Auto Online, with support for 30 players and two spectators. Grand Theft Auto Online for PC will include all existing gameplay upgrades and Rockstar-created content released since the launch of Grand Theft Auto Online, including Heists and Adversary modes.  The PC version of Grand Theft Auto V and Grand Theft Auto Online features First Person Mode, giving players the chance to explore the incredibly detailed world of Los Santos and Blaine County in an entirely new way.  Grand Theft Auto V for PC also brings the debut of the Rockstar Editor, a powerful suite of creative tools to quickly and easily capture, edit and share game footage from within Grand Theft Auto V and Grand Theft Auto Online. The Rockstar Editor’s Director Mode allows players the ability to stage their own scenes using prominent story characters, pedestrians, and even animals to bring their vision to life. Along with advanced camera manipulation and editing effects including fast and slow motion, and an array of camera filters, players can add their own music using songs from GTAV radio stations, or dynamically control the intensity of the game’s score. Completed videos can be uploaded directly from the Rockstar Editor to YouTube and the Rockstar Games Social Club for easy sharing.  Soundtrack artists The Alchemist and Oh No return as hosts of the new radio station, The Lab FM. The station features new and exclusive music from the production duo based on and inspired by the game’s original soundtrack. Collaborating guest artists include Earl Sweatshirt, Freddie Gibbs, Little Dragon, Killer Mike, Sam Herring from Future Islands, and more. Players can also discover Los Santos and Blaine County while enjoying their own music through Self Radio, a new radio station that will host player-created custom soundtracks. Special access content requires Rockstar Games Social Club account. Visit http://rockstargames.com/v/bonuscontent for details."
"DARK SOULS III","Dark Souls","https://store.steampowered.com/app/374320/DARK_SOULS_III/","dark fantasy,difficult,rpg,atmospheric,lore-rich,third person,exploration,story rich,co-op,action rpg,pvp,adventure,great soundtrack,action,open world,multiplayer,singleplayer,replay value,character customization,horror","Action","About This Game Get the DARK SOULS™ III Season Pass now and challenge yourself with all the available content!  Winner of gamescom award 2015 ""Best RPG"" and over 35 E3 2015 Awards and Nominations.  DARK SOULS™ III continues to push the boundaries with the latest, ambitious chapter in the critically-acclaimed and genre-defining series.  As fires fade and the world falls into ruin, journey into a universe filled with more colossal enemies and environments. Players will be immersed into a world of epic atmosphere and darkness through faster gameplay and amplified combat intensity. Fans and newcomers alike will get lost in the game hallmark rewarding gameplay and immersive graphics. Now only embers remain… Prepare yourself once more and Embrace The Darkness!"
"PLAYERUNKNOWN'S BATTLEGROUNDS","PLAYERUNKNOWN'S BATTLEGROUNDS","https://store.steampowered.com/app/578080/PLAYERUNKNOWNS_BATTLEGROUNDS/","survival,shooter,multiplayer,battle royale,pvp,fps,third-person shooter,action,online co-op,tactical,co-op,first-person,early access,strategy,competitive,third person,team-based,difficult,simulation,stealth","Action,Adventure,Massively Multiplayer","About This Game  PLAYERUNKNOWN'S BATTLEGROUNDS is a battle royale shooter that pits 100 players against each other in a struggle for survival. Gather supplies and outwit your opponents to become the last person standing. PLAYERUNKNOWN , aka Brendan Greene, is a pioneer of the battle royale genre and the creator of the battle royale game modes in the ARMA series and H1Z1: King of the Kill. At PUBG Corp., Greene is working with a veteran team of developers to make PUBG into the world's premiere battle royale experience."
"Call of Duty: Modern Warfare 3","Call of Duty","https://store.steampowered.com/app/115300/Call_of_Duty_Modern_Warfare_3/","action,fps,multiplayer,shooter,first-person,war,singleplayer,online co-op,military,co-op,casual,story rich,survival,linear,controller,point & click,adventure,masterpiece,zombies,family friendly","Action","About This Game The best-selling first person action series of all-time returns with the epic sequel to multiple “Game of the Year” award winner, Call of Duty®: Modern Warfare® 2 . In the world’s darkest hour, are you willing to do what is necessary? Prepare yourself for a cinematic thrill-ride only Call of Duty can deliver. The definitive Multiplayer experience returns bigger and better than ever, loaded with new maps, modes and features. Co-Op play has evolved with all-new Spec-Ops missions and leaderboards, as well as Survival Mode, an action-packed combat progression unlike any other."
"Portal 2","Portal","https://store.steampowered.com/app/620/Portal_2/","puzzle,co-op,first-person,sci-fi,comedy,singleplayer,online co-op,funny,adventure,science,female protagonist,story rich,action,multiplayer,atmospheric,masterpiece,local co-op,fps,strategy,space","Action,Adventure","About This Game Portal 2 draws from the award-winning formula of innovative gameplay, story, and music that earned the original Portal over 70 industry accolades and created a cult following. The single-player portion of Portal 2 introduces a cast of dynamic new characters, a host of fresh puzzle elements, and a much larger set of devious test chambers. Players will explore never-before-seen areas of the Aperture Science Labs and be reunited with GLaDOS, the occasionally murderous computer companion who guided them through the original game.  The game’s two-player cooperative mode features its own entirely separate campaign with a unique story, test chambers, and two new player characters. This new mode forces players to reconsider everything they thought they knew about portals. Success will require them to not just act cooperatively, but to think cooperatively.   Product Features  Extensive single player: Featuring next generation gameplay and a wildly-engrossing story.  Complete two-person co-op: Multiplayer game featuring its own dedicated story, characters, and gameplay.  Advanced physics: Allows for the creation of a whole new range of interesting challenges, producing a much larger but not harder game.  Original music.  Massive sequel: The original Portal was named 2007's Game of the Year by over 30 publications worldwide.  Editing Tools: Portal 2 editing tools will be included."
"The Elder Scrolls V: Skyrim Special Edition","The Elder Scrolls","https://store.steampowered.com/app/489830/The_Elder_Scrolls_V_Skyrim_Special_Edition/","open world,rpg,adventure,singleplayer,fantasy,dragons,character customization,moddable,story rich,magic,first-person,atmospheric,action,great soundtrack,third person,stealth,classic,remake,walking simulator,female protagonist","RPG","About This Game Winner of more than 200 Game of the Year Awards, Skyrim Special Edition brings the epic fantasy to life in stunning detail. The Special Edition includes the critically acclaimed game and add-ons with all-new features like remastered art and effects, volumetric god rays, dynamic depth of field, screen-space reflections, and more. Skyrim Special Edition also brings the full power of mods to the PC and consoles.  New quests, environments, characters, dialogue, armor, weapons and more – with Mods, there are no limits to what you can experience."
"Fallout 4","Fallout","https://store.steampowered.com/app/377160/Fallout_4/","open world,post-apocalyptic,exploration,singleplayer,rpg,atmospheric,adventure,shooter,first-person,story rich,action,sci-fi,fps,action rpg,sandbox,great soundtrack,third person,survival,third-person shooter,casual","RPG","About This Game Bethesda Game Studios, the award-winning creators of Fallout 3 and The Elder Scrolls V: Skyrim, welcome you to the world of Fallout 4 – their most ambitious game ever, and the next generation of open-world gaming. As the sole survivor of Vault 111, you enter a world destroyed by nuclear war. Every second is a fight for survival, and every choice is yours. Only you can rebuild and determine the fate of the Wasteland. Welcome home. Key Features: Freedom and Liberty! Do whatever you want in a massive open world with hundreds of locations, characters, and quests. Join multiple factions vying for power or go it alone, the choices are all yours. You’re S.P.E.C.I.A.L! Be whoever you want with the S.P.E.C.I.A.L. character system. From a Power Armored soldier to the charismatic smooth talker, you can choose from hundreds of Perks and develop your own playstyle.  Super Deluxe Pixels! An all-new next generation graphics and lighting engine brings to life the world of Fallout like never before. From the blasted forests of the Commonwealth to the ruins of Boston, every location is packed with dynamic detail. Violence and V.A.T.S.! Intense first or third person combat can also be slowed down with the new dynamic Vault-Tec Assisted Targeting System (V.A.T.S) that lets you choose your attacks and enjoy cinematic carnage. Collect and Build! Collect, upgrade, and build thousands of items in the most advanced crafting system ever. Weapons, armor, chemicals, and food are just the beginning - you can even build and manage entire settlements."
"Football Manager 2019","Football Manager","https://store.steampowered.com/app/872790/Football_Manager_2019/","simulation,sports,management,soccer,football,strategy,multiplayer,singleplayer,addictive,tactical,heist,economy,casual,real time tactics,rpg","Simulation,Sports","About This Game  You’ve always thought you could do better, haven’t you? Signed better players. Played a different way. Snuck the three points. Well, now’s your chance to live out your footballing dreams and create your own football story… You are the sole author of your team’s destiny. And your path will be unique. The players might take the headlines and the glory, but their glory is your story. This is Football Manager 2019 FM19 brings you closer to the heart of the beautiful game than ever before. New features and enhanced game mechanics enable you to control your team in fresh and authentic ways, creating an ever more emergent way of storytelling. REVAMPED TACTICS MODULE Push the boundaries and create a unique philosophy with new styles and phases that reflect the most popular tactical innovations in modern football. There's also brand-new pre-sets for success which are ready made and ready for action. TRAINING OVERHAUL Bespoke sessions and schedules precisely modelled on the professional game give you complete control when preparing for your next fixture or developing your stars of the future. You can also reap the rewards without the hard labour by delegating this to your backroom staff. NEW MANAGER INDUCTION An intuitive development pathway is brand new and designed to help new managers reach their full potential. Led by your Assistant Manager, your New Manager Induction will cover the fundamentals of football management and help map your route to the very top of the game. WILLKOMMEN BUNDESLIGA For the first time in the series history, you can try your luck abroad in the Bundesliga and 2. Bundesliga which is fully licensed with official logos, kits and player faces. FRESHENED UI A restyled contemporary skin gives Football Manager 2019 a fresh, re-energised look making it not only the best looking in the series history, but also the easiest to pick up and play. Further additions include match improvements including VAR & goal-line technology, agent feedback during transfer negotiations, manager environments, enhanced pre-match briefings, UI improvements, new Steam achievements and much more."
"Devil May Cry 5","Devil May Cry","https://store.steampowered.com/app/601150/Devil_May_Cry_5/","action,hack and slash,great soundtrack,demons,character action game,spectacle fighter,third person,violent,singleplayer,classic,stylized,gore,story rich,nudity,multiplayer,controller,difficult,adventure,anime,family friendly","Action","About This Game The Devil you know returns in this brand new entry in the over-the-top action series available on the PC. Prepare to get downright demonic with this signature blend of high-octane stylized action and otherworldly & original characters the series is known for. Director Hideaki Itsuno and the core team have returned to create the most insane, technically advanced and utterly unmissable action experience of this generation! The threat of demonic power has returned to menace the world once again in Devil May Cry 5 . The invasion begins when the seeds of a “demon tree” take root in Red Grave City. As this hellish incursion starts to take over the city, a young demon hunter Nero, arrives with his partner Nico in their “Devil May Cry” motorhome. Finding himself without the use of his right arm, Nero enlists Nico, a self-professed weapons artist, to design a variety of unique mechanical Devil Breaker arms to give him extra powers to take on evil demons such as the blood sucking flying Empusa and giant colossus enemy Goliath. FEATURES High octane stylized action – Featuring three playable characters each with a radically different stylish combat play style as they take on the city overrun with demons Groundbreaking graphics – Developed with Capcom’s in-house proprietary RE engine, the series continues to achieve new heights in fidelity with graphics that utilize photorealistic character designs and stunning lighting and environmental effects. Take down the demonic invasion – Battle against epic bosses in adrenaline fueled fights across the over-run Red Grave City all to the beat of a truly killer soundtrack. Demon hunter – Nero, one of the series main protagonists and a young demon hunter who has the blood of Sparda, heads to Red Grave City to face the hellish onslaught of demons, with weapons craftswoman and new partner-in-crime, Nico. Nero is also joined by stylish, legendary demon hunter, Dante and the mysterious new character, V."
"Mortal Kombat X","Mortal Kombat","https://store.steampowered.com/app/307780/Mortal_Kombat_X/","fighting,gore,action,violent,multiplayer,blood,mature,competitive,local multiplayer,2d fighter,atmospheric,singleplayer,arcade,great soundtrack,2.5d,online co-op,fantasy,third person,masterpiece,horror","Action","About This Game Who’s Next?  Experience the Next Generation of the #1 Fighting Franchise.  Mortal Kombat X combines unparalleled, cinematic presentation with all new gameplay. For the first time, players can choose from multiple variations of each character impacting both strategy and fighting style."
"Need for Speed Undercover","Need For Speed","https://store.steampowered.com/app/17430/Need_for_Speed_Undercover/","racing,open world,multiplayer,action,driving,arcade,singleplayer,story rich,simulation,great soundtrack,masterpiece","Action,Racing","About This Game  Chase or Be Chased.  You never thought it would turn out like thisan all-out chase where you're the hunted. And the hunter. Now you must get behind the wheel and risk everything to infiltrate a ruthless international crime syndicate and take them down. The man you're after is a maniac behind the wheel, and he's driving like his life depends on escape, which maybe it does. He's the one with all the answers you need, you will track him down. Needless to say, that fleet of police cruisers in your rearview mirror won't make things any easier. It will take all of your experienceand every ounce of skillto outrun the law, take down the enemy, and unlock the truth that puts an end to this chase once and for all.   Go Deep Undercover - Race into an action-packed story of pursuit and betrayal. Take on jobs and compete in races to prove yourself as you infiltrate and take down an international crime syndicate.  Highway Battle - Fight off the cops and others as you take down your prey in high-speed, high stake multi-car chases. New and vastly improved AI mechanics mean more aggressive and intelligent cops focused on taking you out fast and by any means necessary.  Own the Open World - Tear across the massive highway system and discover the open world of the Gulf Coast Tri-Cities area, with three unique cities connected by an extensive highway system.  Heroic Driving Engine - An all-new game engine lets you pull off amazing moves for the ultimate driving edge."
"The Sims 3","The Sims","https://store.steampowered.com/app/47890/The_Sims_3/","simulation,character customization,sandbox,singleplayer,building,casual,funny,moddable,rpg,family friendly,romance,comedy,adventure,replay value,multiplayer,nudity,great soundtrack,strategy,action,female protagonist","Simulation","About This Game  Play with Life. Create the lives you've always wanted! Ready to live a freer, more creative life? In The Sims™ 3, you can let your fantasies run wild as you design your ideal world. Start with your Sim, refining each shape, color and personality trait until you get the precise person that pleases you. Design your dream home, but don’t let a grid limit you; place, rotate and stack furniture and walls freely and to your heart’s content. Once the “hard work” is over, it’s time to be a mentor. Guide your Sim’s path through life, developing a career, finding love, and pursuing dreams and desires. Spending time with friends and family is just as important as mastering painting or accumulating knowledge. Take things to the next level and record movies of your Sim’s adventures and share them with the ever-growing and thriving community. With a huge catalog of expansion packs and fun objects to discover, there is no end to the possibilities awaiting you. It all begins here; your adventure awaits! Key Features Customize Your Sim: Mix and match a vast range of facial features and body types to get the look you want. Infuse your Sim with personality traits and help realize their dreams. Stage Your Own Extreme Makeover: Decorate your Sim’s home however you want, neat or messy. Use odd angles, create tall stacks of items, and apply your favorite self-made pattern to the walls and floors. Range From the Home: Get out of the house and explore the lively and entertaining neighborhood for the first time. Be a part of the larger online community! Online Disclaimer: INTERNET CONNECTION AND ACCEPTANCE OF END USER LICENSE AGREEMENT REQUIRED TO PLAY THE SIMS 3 DIGITAL DOWNLOAD PRODUCT. ACCESS TO ONLINE SERVICES REQUIRES AN INTERNET CONNECTION, EA ACCOUNT AND GAME REGISTRATION WITH THE PROVIDED ONE-TIME USE SERIAL CODE. REGISTRATION IS LIMITED TO ONE EA ACCOUNT PER SERIAL CODE AND IS NON-TRANSFERABLE. EA ONLINE PRIVACY POLICY AND TERMS OF SERVICE CAN BE FOUND AT http://www.ea.com/ . YOU MUST BE 13+ TO REGISTER FOR AN EA ACCOUNT. INCLUDES SOFTWARE THAT COLLECTS DATA ONLINE NECESSARY TO PROVIDE AND ACTIVATE IN-GAME ADVERTISING FOR ALL THE SIMS 3 PRODUCTS PREVIOUSLY OR HEREAFTER INSTALLED. EA MAY RETIRE ONLINE FEATURES AFTER 30 DAYS NOTICE POSTED ON http://www.ea.com/1/service-updates"
"Sid Meier's Civilization V","Sid Meier's Civilization","https://store.steampowered.com/app/8930/Sid_Meiers_Civilization_V/","turn-based strategy,strategy,turn-based,multiplayer,historical,4x,addictive,singleplayer,hex grid,grand strategy,replay value,co-op,tactical,economy,diplomacy,moddable,masterpiece,simulation,classic,great soundtrack","Strategy","About This Game The Flagship Turn-Based Strategy Game Returns Become Ruler of the World by establishing and leading a civilization from the dawn of man into the space age: Wage war, conduct diplomacy, discover new technologies, go head-to-head with some of history’s greatest leaders and build the most powerful empire the world has ever known. INVITING PRESENTATION: Jump right in and play at your own pace with an intuitive interface that eases new players into the game. Veterans will appreciate the depth, detail and control that are highlights of the series. BELIEVABLE WORLD: Ultra realistic graphics showcase lush landscapes for you to explore, battle over and claim as your own. COMMUNITY & MULTIPLAYER: Compete with players all over the world or locally in LAN matches, mod* the game in unprecedented ways, and install mods directly from an in-game community hub without ever leaving the game. WIDE SYSTEM COMPATIBILITY: Civilization V operates on many different systems, from high end desktops to many laptops. ALL NEW FEATURES: A new hex-based gameplay grid opens up exciting new combat and build strategies. City States become a new resource in your diplomatic battleground. An improved diplomacy system allows you to negotiate with fully interactive leaders. *Modding SDK available as a free download.  Note: The Mac and Linux + SteamOS versions of Sid Meier's Civilization V are available in English, French, Italian, German and Spanish only."
"The Binding of Isaac: Rebirth","The Binding of Isaac","https://store.steampowered.com/app/250900/The_Binding_of_Isaac_Rebirth/","rogue-like,indie,replay value,difficult,pixel graphics,dungeon crawler,great soundtrack,singleplayer,dark,remake,2d,local co-op,gore,procedural generation,atmospheric,rogue-lite,action,horror,twin stick shooter,co-op","Action","About This Game When Isaac’s mother starts hearing the voice of God demanding a sacrifice be made to prove her faith, Isaac escapes into the basement facing droves of deranged enemies, lost brothers and sisters, his fears, and eventually his mother. Gameplay The Binding of Isaac is a randomly generated action RPG shooter with heavy Rogue-like elements. Following Isaac on his journey players will find bizarre treasures that change Isaac’s form giving him super human abilities and enabling him to fight off droves of mysterious creatures, discover secrets and fight his way to safety. About the Binding Of Isaac: Rebirth The Binding of Isaac: Rebirth is the ultimate of remakes with an all-new highly efficient game engine (expect 60fps on most PCs), all-new hand-drawn pixel style artwork, highly polished visual effects, all-new soundtrack and audio by the the sexy Ridiculon duo Matthias Bossi + Jon Evans. Oh yeah, and hundreds upon hundreds of designs, redesigns and re-tuned enhancements by series creator, Edmund McMillen. Did we mention the poop? Key Features: Over 500 hours of gameplay 4 BILLION Seeded runs! 20 Challenge runs 450+ items, including 160 new unlockables Integrated controller support for popular control pads! Analog directional movement and speed Tons of feature film quality animated endings Over 100 specialized seeds 2-Player local co-op Over 100 co-op characters Dynamic lighting, visual effects and art direction All-new game engine @60FPS 24/7 All-new soundtrack and sound design Multiple Save slots Poop physics! The ultimate roguelike A bunch of achievements Uber secrets including: 10 Playable Characters 100+ enemies, with new designs Over 50 bosses, including tons of new and rare bosses Rooms FULL OF POOP! Mystic Runes Upgradeable shops"
"The Witcher 3: Wild Hunt","The Witcher","https://store.steampowered.com/app/292030/The_Witcher_3_Wild_Hunt/","open world,rpg,story rich,atmospheric,mature,fantasy,adventure,singleplayer,choices matter,masterpiece,nudity,great soundtrack,third person,action,medieval,multiple endings,action rpg,dark fantasy,magic,dark","RPG","About This Game The Witcher: Wild Hunt is a story-driven open world RPG set in a visually stunning fantasy universe full of meaningful choices and impactful consequences. In The Witcher, you play as professional monster hunter Geralt of Rivia tasked with finding a child of prophecy in a vast open world rich with merchant cities, pirate islands, dangerous mountain passes, and forgotten caverns to explore. KEY FEATURES PLAY AS A HIGHLY TRAINED MONSTER SLAYER FOR HIRE Trained from early childhood and mutated to gain superhuman skills, strength and reflexes, witchers are a counterbalance to the monster-infested world in which they live. Gruesomely destroy foes as a professional monster hunter armed with a range of upgradeable weapons, mutating potions and combat magic. Hunt down a wide range of exotic monsters — from savage beasts prowling the mountain passes, to cunning supernatural predators lurking in the shadows of densely populated towns. Invest your rewards to upgrade your weaponry and buy custom armour, or spend them away in horse races, card games, fist fighting, and other pleasures the night brings. EXPLORE A MORALLY INDIFFERENT FANTASY OPEN WORLD Built for endless adventure, the massive open world of The Witcher sets new standards in terms of size, depth and complexity. Traverse a fantastical open world: explore forgotten ruins, caves and shipwrecks, trade with merchants and dwarven smiths in cities, and hunt across the open plains, mountains and seas. Deal with treasonous generals, devious witches and corrupt royalty to provide dark and dangerous services. Make choices that go beyond good & evil, and face their far-reaching consequences. CHASE DOWN THE CHILD OF PROPHECY Take on the most important contract to track down the child of prophecy, a key to save or destroy this world. In times of war, chase down the child of prophecy, a living weapon foretold by ancient elven legends. Struggle against ferocious rulers, spirits of the wilds and even a threat from beyond the veil – all hell-bent on controlling this world. Define your destiny in a world that may not be worth saving. FULLY REALIZED NEXT GENERATION Built exclusively for next generation hardware, the REDengine 3 renders the world of The Witcher visually nuanced and organic, a real true to life fantasy. Dynamic weather systems and day/night cycles affect how the citizens of the towns and the monsters of the wilds behave. Rich with storyline choices in both main and subplots, this grand open world is influenced by the player unlike ever before."
"DOOM Eternal","DOOM","https://store.steampowered.com/app/782330/DOOM_Eternal/","gore,violent,action,fps,great soundtrack,demons,singleplayer,first-person,fast-paced,multiplayer,shooter,sci-fi,masterpiece,atmospheric,story rich,post-apocalyptic,horror,adventure,blood,mature","Action","About This Game As the DOOM Slayer, you return to find Earth has suffered a demonic invasion. Raze Hell and discover the Slayer’s origins and his enduring mission to rip and tear…until it is done. Experience the ultimate combination of speed and power as you battle your way across dimensions with the next leap in push-forward, first-person combat. Slayer Threat Level at Maximum Armed with a shoulder-mounted flamethrower, retractable wrist-mounted blade, upgraded guns and mods, and abilities like the Double Dash, you're faster, stronger, and more versatile than ever. Unholy Trinity Take what you need from your enemies: Glory kill for extra health, incinerate for armor, and chainsaw demons to stock up on ammo to become the ultimate demon-slayer. BATTLEMODE A new 2 versus 1 multiplayer experience built from the ground up at id Software. A fully-armed DOOM Slayer faces off against two player-controlled demons, duking it out over three rounds of intense first-person combat."
"Counter-Strike: Global Offensive","Counter-Strike","https://store.steampowered.com/app/730/CounterStrike_Global_Offensive/","fps,shooter,multiplayer,competitive,action,team-based,e-sports,tactical,first-person,pvp,online co-op,co-op,strategy,military,war,difficult,trading,fast-paced,realistic,moddable","Action,Free to Play","About This Game Counter-Strike: Global Offensive (CS: GO) expands upon the team-based action gameplay that it pioneered when it was launched 19 years ago.  CS: GO features new maps, characters, weapons, and game modes, and delivers updated versions of the classic CS content (de_dust2, etc.).  ""Counter-Strike took the gaming industry by surprise when the unlikely MOD became the most played online PC action game in the world almost immediately after its release in August 1999,"" said Doug Lombardi at Valve. ""For the past 12 years, it has continued to be one of the most-played games in the world, headline competitive gaming tournaments and selling over 25 million units worldwide across the franchise. CS: GO promises to expand on CS' award-winning gameplay and deliver it to gamers on the PC as well as the next gen consoles and the Mac."""
"DEATH STRANDING","Death Stranding","https://store.steampowered.com/app/1190460/DEATH_STRANDING/?snr=1_7_7_230_150_5","walking simulator,open world,story rich,great soundtrack,atmospheric,cinematic,post-apocalyptic,inventory management,sci-fi,third person,adventure,exploration,singleplayer,surreal,lore-rich,psychological horror,stealth,action,dark,survival+",NA,NA
"FINAL FANTASY X/X-2 HD Remaster","FINAL FANTASY","https://store.steampowered.com/app/359870/FINAL_FANTASY_XX2_HD_Remaster/","jrpg,story rich,rpg,turn-based combat,great soundtrack,fantasy,singleplayer,classic,adventure,turn-based,atmospheric,romance,female protagonist,anime,open world,linear,action,remake,masterpiece,sports","RPG","About This Game FINAL FANTASY X tells the story of a star blitzball player, Tidus, who journeys with a young and beautiful summoner named Yuna on her quest to save the world of Spira from an endless cycle of destruction wrought by the colossal menace Sin. FINAL FANTASY X-2 returns to the world of Spira two years after the beginning of the Eternal Calm. Having been shown a mysterious but familiar image in a sphere, Yuna becomes a Sphere Hunter and along with her companions Rikku and Paine, embarks on a quest around the world to find the answers to the mystery within. Based on the international versions of the games that were previously only released in Japan and Europe, FINAL FANTASY X/X-2 HD Remaster brings these timeless classics forward to the current generation of fans, old and new alike. Key Features: Characters, monsters, and environments have been fine-tuned to HD detail, providing a richer, deeper FINAL FANTASY visual experience. Other features in the PC version include remastered/rearranged BGM, International Edition content, Auto-save and 5 game boosters including high speed and no encounter modes."
"METAL GEAR SOLID V: THE PHANTOM PAIN","METAL GEAR SOLID","https://store.steampowered.com/app/287700/METAL_GEAR_SOLID_V_THE_PHANTOM_PAIN/","stealth,open world,story rich,action,tactical,cinematic,great soundtrack,third person,singleplayer,atmospheric,horses,multiplayer,adventure,third-person shooter,shooter,replay value,sandbox,masterpiece,dark,sci-fi","Action,Adventure","About This Game Konami Digital Entertainment continues forth the ‘METAL GEAR SOLID V Experience’ with the latest chapter, METAL GEAR SOLID V: The Phantom Pain.  Ushering in a new era for the franchise with cutting-edge technology powered by the Fox Engine, MGSV: The Phantom Pain will provide players a first-rate gaming experience as they are offered tactical freedom to carry out open-world missions.  Nine years after the events of MGSV: GROUND ZEROES and the fall of Mother Base, Snake a.k.a. Big Boss, awakens from a nine year coma.  The year is 1984. The Cold War serves as the backdrop as nuclear weapons continue to shape a global crisis. Driven by revenge, Snake establishes a new private army and returns to the battlefield in pursuit of the shadow group, XOF.  The METAL GEAR SOLID team continues to ambitiously explore mature themes such as the psychology of warfare and the atrocities that result from those that engage in its vicious cycle.  One of the most anticipated games of the year with its open-world design, photorealistic visual fidelity and feature-rich game design, MGSV: The Phantom Pain will leave its mark as one of the hallmarks in the gaming industry for its cinematic storytelling, heavy themes, and immersive tactical gameplay.  Key Features: - Open-World game design allowing players ultimate freedom on how to approach missions and overall game progression - Fox Engine delivers photorealistic graphics, thoughtful game design and true new-generation game production quality - Online connectivity that carries the experience beyond the consoles to other devices to augment the overall functionality and access to the game."
"Sonic Mania","Sonic Mania","https://store.steampowered.com/app/584400/Sonic_Mania/","great soundtrack,2d,platformer,classic,retro,pixel graphics,fast-paced,colorful,adventure,action,side scroller,singleplayer,family friendly,local co-op,casual,multiplayer,arcade,action-adventure,cartoony,remake","Action,Adventure,Casual","About This Game"
"Detroit: Become Human","Detroit: Become Human","https://store.steampowered.com/app/1222140/Detroit_Become_Human/?snr=1_7_7_230_150_4","story rich,choices matter,adventure,multiple endings,emotional,cinematic,singleplayer,beautiful,sci-fi,dynamic narration,futuristic,great soundtrack,robots,third person,atmospheric,narration,cyberpunk,violent,female protagonist,replay value+",NA,NA
"Dota 2","Dota 2","https://store.steampowered.com/app/570/Dota_2/","free to play,moba,multiplayer,strategy,e-sports,team-based,competitive,action,online co-op,pvp,difficult,co-op,rts,tower defense,fantasy,rpg,character customization,replay value,action rpg,simulation","Action,Free to Play,Strategy","About This Game  The most-played game on Steam. Every day, millions of players worldwide enter battle as one of over a hundred Dota heroes. And no matter if it's their 10th hour of play or 1,000th, there's always something new to discover. With regular updates that ensure a constant evolution of gameplay, features, and heroes, Dota 2 has truly taken on a life of its own. One Battlefield. Infinite Possibilities. When it comes to diversity of heroes, abilities, and powerful items, Dota boasts an endless array—no two games are the same. Any hero can fill multiple roles, and there's an abundance of items to help meet the needs of each game. Dota doesn't provide limitations on how to play, it empowers you to express your own style. All heroes are free. Competitive balance is Dota's crown jewel, and to ensure everyone is playing on an even field, the core content of the game—like the vast pool of heroes—is available to all players. Fans can collect cosmetics for heroes and fun add-ons for the world they inhabit, but everything you need to play is already included before you join your first match. Bring your friends and party up. Dota is deep, and constantly evolving, but it's never too late to join. Learn the ropes playing co-op vs. bots. Sharpen your skills in the hero demo mode. Jump into the behavior- and skill-based matchmaking system that ensures you'll be matched with the right players each game."
"Horizon Zero Dawn Complete Edition","Horizon Zero Dawn","https://store.steampowered.com/app/1151640/Horizon_Zero_Dawn_Complete_Edition/?snr=1_7_7_230_150_1","adventure,open world,female protagonist,action,rpg,singleplayer,story rich,post-apocalyptic,robots,sci-fi,exploration,third person,beautiful,atmospheric,great soundtrack,action rpg,archery,hunting,dinosaurs,multiplayer+",NA,NA
"MONSTER HUNTER: WORLD","Monster Hunter: World","https://store.steampowered.com/app/582010/MONSTER_HUNTER_WORLD/","hunting,co-op,multiplayer,action,open world,rpg,third person,adventure,fantasy,character customization,difficult,action rpg,singleplayer,exploration,great soundtrack,replay value,atmospheric,hack and slash,jrpg,souls-like","Action","About This Game Welcome to a new world! Take on the role of a hunter and slay ferocious monsters in a living, breathing ecosystem where you can use the landscape and its diverse inhabitants to get the upper hand. Hunt alone or in co-op with up to three other players, and use materials collected from fallen foes to craft new gear and take on even bigger, badder beasts! INTRODUCTION Overview Battle gigantic monsters in epic locales. As a hunter, you'll take on quests to hunt monsters in a variety of habitats. Take down these monsters and receive materials that you can use to create stronger weapons and armor in order to hunt even more dangerous monsters. In Monster Hunter: World, the latest installment in the series, you can enjoy the ultimate hunting experience, using everything at your disposal to hunt monsters in a new world teeming with surprises and excitement. Setting Once every decade, elder dragons trek across the sea to travel to the land known as the New World in a migration referred to as the Elder Crossing. To get to the bottom of this mysterious phenomenon, the Guild has formed the Research Commission, dispatching them in large fleets to the New World. As the Commission sends its Fifth Fleet in pursuit of the colossal elder dragon, Zorah Magdaros, one hunter is about to embark on a journey grander than anything they could have ever imagined. ECOSYSTEM A World That Breathes Life There are various locations teeming with wildlife. Expeditions into these locales are bound to turn up interesting discoveries. HUNTING A Diverse Arsenal, and an Indispensable Partner Your equipment will give you the power to need to carve out a place for yourself in the New World. The Hunter's Arsenal There are fourteen different weapons at the hunter's disposal, each with its own unique characteristics and attacks. Many hunters acquire proficiency in multiple types, while others prefer to attain mastery of one. Scoutflies Monster tracks, such as footprints and gashes, dot each locale. Your Scoutflies will remember the scent of a monster and guide you to other nearby tracks. And as you gather more tracks, the Scoutflies will give you even more information. Slinger The Slinger is an indispensable tool for a hunter, allowing you to arm yourself with stones and nuts that can be gathered from each locale. From diversion tactics to creating shortcuts, the Slinger has a variety of uses, and allows you to hunt in new and interesting ways. Specialized Tools Specialized tools activate powerful effects for a limited amount of time, and up to two can be equipped at a time. Simple to use, they can be selected and activated just like any other item you take out on a hunt. Palicoes Palicoes are hunters' reliable comrades out in the field, specialized in a variety of offensive, defensive, and restorative support abilities. The hunter's Palico joins the Fifth Fleet with pride, as much a bona fide member of the Commission as any other hunter."
"Red Dead Redemption 2","Red Dead Redemption","https://store.steampowered.com/app/1174180/Red_Dead_Redemption_2/?snr=1_7_7_230_150_1","adventure,action,open world,westernstory rich,multiplayer,shooter,third-person shooter,realistic,atmospheric,singleplayer,horses,sandbox,beautiful,third person,great soundtrack,mature,first-person,gore,fps+",NA,NA
"Hades","Hades","https://store.steampowered.com/app/1145360/Hades/?snr=1_7_7_230_150_1","action roguelike,action,indie,rpg,roguelite,hack and slash,dungeon crawler,great soundtrack,roguelike,singleplayer,mythology,replay value,story rich,isometric,action rpg,difficult,hand-drawn,atmospheric,early access,perma death+",NA,NA
"NieR:Automata","NieR:Automata","https://store.steampowered.com/app/524220/NieRAutomata/","great soundtrack,story rich,female protagonist,action,hack and slash,rpg,open world,anime,jrpg,post-apocalyptic,singleplayer,robots,atmospheric,sci-fi,spectacle fighter,bullet hell,character action game,adventure,nudity,violent","Action,RPG","About This Game  NieR: Automata tells the story of androids 2B, 9S and A2 and their battle to reclaim the machine-driven dystopia overrun by powerful machines. Humanity has been driven from the Earth by mechanical beings from another world. In a final effort to take back the planet, the human resistance sends a force of android soldiers to destroy the invaders. Now, a war between machines and androids rages on... A war that could soon unveil a long-forgotten truth of the world. Key Features: Action-Packed Battles – Players will switch between using melee and ranged attacks in battle against hordes of enemies and challenging bosses across a variety of open field maps. The tight controls and incredibly fluid combat are simple to learn for newcomers while offering plenty of depth for more experienced action gamers. Players can perform high-speed battle actions—combining light and heavy attacks—and switch through an arsenal of weaponry while evading enemies with speed and style. Beautifully Desolate Open-World – The game seamlessly joins together hauntingly beautiful vistas and locations with no area loading. The environments are rendered in 60fps and contain a wealth of sub-events in addition to the main storyline. Masterfully Crafted Story and Characters – NieR: Automata tells the story of androids 2B, 9S and A2 and their ferocious battle to reclaim a machine-driven dystopia overrun by powerful weapons known as machine lifeforms. Elements of an RPG – Players will obtain a variety of weapon types, level up in battle, learn new combat skills, and customise a loadout that caters to their playstyle. Utilise the Pod Support System to Assist In and Outside of Battle – Pods can attack the enemy in both manual and lock-on modes. They can also assist outside of battle, such as allowing the player to glide through the air. Pods can be enhanced throughout the game, with upgrades including new attack methods and variations. “Auto Mode” Available for Beginners – Novice players can elect “Auto Mode” for easy attacks and evasions."
"Sekiro: Shadows Die Twice","Sekiro: Shadows Die Twice","https://store.steampowered.com/app/814380/Sekiro_Shadows_Die_Twice/","souls-like,difficult,action,singleplayer,ninja,stealth,third person,adventure,atmospheric,violent,dark fantasy,story rich,assassin,great soundtrack,open world,gore,hack and slash,rpg,dark,rhythm","Action,Adventure","About This Game With over 50 awards and nominations, Sekiro: Shadows Die Twice is the next adventure from developer FromSoftware, creators of Bloodborne and the Dark Souls series. Carve your own clever path to vengeance in this all-new action-adventure title. In Sekiro: Shadows Die Twice you are the ""one-armed wolf"", a disgraced and disfigured warrior rescued from the brink of death. Bound to protect a young lord who is the descendant of an ancient bloodline, you become the target of many vicious enemies, including the dangerous Ashina clan. When the young lord is captured, nothing will stop you on a perilous quest to regain your honor, not even death itself. Explore late 1500s Sengoku Japan, a brutal period of constant life and death conflict, as you come face to face with larger than life foes in a dark and twisted world. Unleash an arsenal of deadly prosthetic tools and powerful ninja abilities while you blend stealth, vertical traversal, and visceral head to head combat in a bloody confrontation. Take Revenge. Restore your honor. Kill Ingeniously."
"Resident Evil 2","Resident Evil","https://store.steampowered.com/app/883710/Resident_Evil_2/?snr=1_7_7_230_150_5","zombies,survival horror,horror,remake,singleplayer,third person,gore,action,atmospheric,violent,puzzle,story rich,classic,survival,dark,multiplayer,female protagonist,adventure,difficult,shooter+",NA,NA
"Dead Space","Dead Space","https://store.steampowered.com/app/17470/Dead_Space/","horror,sci-fi,action,space,third person,survival horror,atmospheric,singleplayer,third-person shooter,gore,shooter,aliens,dark,futuristic,story rich,silent protagonist,survival,adventure,masterpiece,zombies","Action","About This Game  Only the Dead Survive.  A massive deep-space mining ship goes dark after unearthing a strange artifact on a distant planet. Engineer Isaac Clarke embarks on the repair mission, only to uncover a nightmarish blood bath  the ship's crew horribly slaughtered and infected by alien scourge. Now Isaac is cut off, trapped, and engaged in a desperate fight for survival. Strategically dismember the Necromorph enemies limb by bloody limb.  Zero gravity combat means terror can strike from anywhere.  Uncover the horrific truth of this shocking thriller."
"Disco Elysium","Disco Elysium","https://store.steampowered.com/app/632470/Disco_Elysium/?snr=1_7_7_230_150_7","rpg,choices matter,story rich,detective,isometric,singleplayer,atmospheric,crpg,noir,great soundtrack,character customization,open world,adventure,surreal,indie,exploration,funny,sexual content,fantasy,point & click+",NA,NA
"Divinity: Original Sin 2 - Definitive Edition","Divinity: Original Sin 2","https://store.steampowered.com/app/435150/Divinity_Original_Sin_2__Definitive_Edition/","rpg,story rich,turn-based,co-op,fantasy,character customization,open world,adventure,turn-based combat,strategy,multiplayer,singleplayer,crpg,great soundtrack,turn-based tactics,party-based rpg,atmospheric,isometric,indie,female protagonist","Adventure,RPG,Strategy","About This Game  The Divine is dead. The Void approaches. And the powers lying dormant within you are soon to awaken. The battle for Divinity has begun. Choose wisely and trust sparingly; darkness lurks within every heart.  Who will you be? A flesh-eating Elf, an Imperial Lizard or an Undead, risen from the grave? Discover how the world reacts differently to who - or what - you are. It’s time for a new Divinity!  Gather your party and develop relationships with your companions. Blast your opponents in deep, tactical, turn-based combat. Use the environment as a weapon, use height to your advantage, and manipulate the elements themselves to seal your victory. Ascend as the god that Rivellon so desperately needs. Explore the vast and layered world of Rivellon alone or in a party of up to 4 players in drop-in/drop-out cooperative play. Go anywhere, unleash your imagination, and explore endless ways to interact with the world. Beyond Rivellon, there’s more to explore in the brand-new PvP and Game Master modes. Choose your race and origin. Choose from 6 unique origin characters with their own backgrounds and quests, or create your own as a Human, Lizard, Elf, Dwarf, or Undead. All choices have consequences. Unlimited freedom to explore and experiment . Go anywhere, talk to anyone, and interact with everything! Kill any NPC without sacrificing your progress, and speak to every animal. Even ghosts might be hiding a secret or two… The next generation of turn-based combat. Blast your opponents with elemental combinations. Use height to your advantage. Master over 200 skills in 12 skill schools. But beware - the game’s AI 2.0 is our most devious invention to date. Up to 4 player online and split-screen multiplayer. Play with your friends online or in local split-screen with full controller support. Game Master Mode: Take your adventures to the next level and craft your own stories with the Game Master Mode. Download fan-made campaigns and mods from Steam Workshop. 4K Support: an Ultimate 4K experience pushing RPGs into a new era!"
"Heroes of Might & Magic V","Heroes of Might & Magic","https://store.steampowered.com/app/15170/Heroes_of_Might__Magic_V/","strategy,turn-based strategy,fantasy,tactical,turn-based,rpg,multiplayer,masterpiece,classic,local multiplayer,story rich,singleplayer,magic,adventure,great soundtrack,atmospheric","Strategy","About This Game Witness the amazing evolution of the genre-defining strategy game as it becomes a next-generation phenomenon, melding classic deep fantasy with next-generation visuals and gameplay. In the renowned Might & Magic universe, demon swarms spread chaos over the land in a relentless assault. The fate of the world is at stake and Heroes from a variety of legendary factions must stand up to defend their causes. Live their fate, lead their forces to victory, and unveil the secret goal of the Demon lords. Become a strategy gaming legend by raising unique hero characters, assembling armies, and defeating enemies using the brand new active-time battle system both offline or online.  Cutting edge visual technology: for the first time, experience the world of Might & Magic in a full breathtaking 3D animated world supported by a consistent and modern graphic style.  Modern sophisticated fantasy universe: includes all features which brought success to the series in a complete revamped and more mature universe with six unique factions and over forty different creatures and over 200 spells.  Complete strategy experience and RPG gameplay: during six campaigns and over thirty missions, explore and conquer territories, manage your cities, recruit armies, raise and upgrade your heroes through a user friendly yet deep turn-based system.  Complete scalable turned-based battle system for challenging and tactical combat: find out the combat system that made the success of the Heroes series or experience the brand new Dynamic Battle system for transforming a chessboard into a lively battlefield.  Competitive and addictive intense multiplayer parts: Five multiplayer modes including the new Ghost Mode."
"S.T.A.L.K.E.R.: Call of Pripyat","S.T.A.L.K.E.R.","https://store.steampowered.com/app/41700/STALKER_Call_of_Pripyat/","atmospheric,open world,post-apocalyptic,fps,survival,action,singleplayer,rpg,shooter,survival horror,first-person,moddable,masterpiece,horror,zombies,classic,adventure,sci-fi,multiplayer,sandbox","Action,RPG","About This Game With over 2 million copies sold, the new episode of the most internationally successful S.T.A.L.K.E.R. series seamlessly connects to the first part of the Shadow of Chernobyl.  S.T.A.L.K.E.R.: Call of Pripyat takes PC gamers once again into the vicinity of the Chernobyl nuclear reactor that exploded in 1986. This so-called ""Zone"" is a highly contaminated area cordoned off by the military and now is combed through by the so-called stalkers, modern fortune hunters, in search of unique artifacts. In the role of Agent Alexander Degtyarev, who is dressed up as stalker, the player has to investigate the mysterious disappearance of five military helicopters and thereby stand one’s ground against the various stalker groups. One of the first DirectX11 games Story begins where S.T.A.L.K.E.R.: Shadow of Chernobyl has ended Photorealistic exclusion Zone : All locations are recreated by their true-to-life prototypes based on photographs New exciting storyline with a number of unique characters Extended system of handmade side quests New monsters: Chimera and Burer. New behavior and abilities for all monsters New A-Life system, created using the players’ best-liked elements of the first two games in series Emissions considerably influence the world of the Zone Sleep function added into the game New player’s interface Possibility to continue the game after completion in a free play mode Up to 32 players can compete in the multiplayer part. Four different play modes and a countless amount of maps are available"
